<?xml version="1.0" encoding="UTF-8" standalone="yes" ?>
<program>
  <header>
    <applicationBuildName></applicationBuildName>
    <applicationBuildNumber>0</applicationBuildNumber>
    <applicationBuildType>signedRelease</applicationBuildType>
    <applicationName>Pocket Code</applicationName>
    <applicationVersion>0.9.74</applicationVersion>
    <catrobatLanguageVersion>0.999999</catrobatLanguageVersion>
    <dateTimeUpload></dateTimeUpload>
    <description></description>
    <deviceName>SM-M146B</deviceName>
    <isCastProject>false</isCastProject>
    <landscapeMode>true</landscapeMode>
    <mediaLicense></mediaLicense>
    <platform>Android</platform>
    <platformVersion>34</platformVersion>
    <programLicense></programLicense>
    <programName>JAGUAR VR 3</programName>
    <remixOf></remixOf>
    <scenesEnabled>true</scenesEnabled>
    <screenHeight>1080</screenHeight>
    <screenMode>STRETCH</screenMode>
    <screenWidth>2208</screenWidth>
    <tags></tags>
    <url></url>
    <userHandle></userHandle>
  </header>
  <settings/>
  <scenes>
    <scene>
      <name>Scene 1</name>
      <objectList>
        <object type="Sprite" name="Pano de Fundo">
          <lookList>
            <look fileName="Fundo.png" name="Fundo"/>
          </lookList>
          <soundList/>
          <scriptList>
            <script type="WhenScript">
              <brickList>
                <brick type="AskBrick">
                  <commentedOut>false</commentedOut>
                  <formulaList>
                    <formula category="ASK_QUESTION">
                      <type>STRING</type>
                      <value>Activation code</value>
                    </formula>
                  </formulaList>
                  <userVariable type="UserVariable" serialization="custom">
                    <userVariable>
                      <default>
                        <deviceValueKey>11778b19-3780-4447-9f40-b5c0e7509bbe</deviceValueKey>
                        <name>AC</name>
                      </default>
                    </userVariable>
                  </userVariable>
                </brick>
              </brickList>
              <commentedOut>false</commentedOut>
            </script>
            <script type="WhenConditionScript">
              <brickList>
                <brick type="SceneStartBrick">
                  <commentedOut>false</commentedOut>
                  <sceneToStart>Jaguar&apos;S New MENU</sceneToStart>
                </brick>
              </brickList>
              <commentedOut>false</commentedOut>
              <formulaMap>
                <formula category="IF_CONDITION">
                  <leftChild>
                    <type>USER_VARIABLE</type>
                    <value>AC</value>
                  </leftChild>
                  <rightChild>
                    <type>STRING</type>
                    <value>7757XVIOP8</value>
                  </rightChild>
                  <type>OPERATOR</type>
                  <value>EQUAL</value>
                </formula>
              </formulaMap>
            </script>
            <script type="WhenConditionScript">
              <brickList>
                <brick type="WaitBrick">
                  <commentedOut>false</commentedOut>
                  <formulaList>
                    <formula category="TIME_TO_WAIT_IN_SECONDS">
                      <type>NUMBER</type>
                      <value>6</value>
                    </formula>
                  </formulaList>
                </brick>
                <brick type="SceneTransitionBrick">
                  <commentedOut>false</commentedOut>
                  <sceneForTransition>Locked</sceneForTransition>
                </brick>
              </brickList>
              <commentedOut>false</commentedOut>
              <formulaMap>
                <formula category="IF_CONDITION">
                  <leftChild>
                    <leftChild>
                      <type>USER_VARIABLE</type>
                      <value>AC</value>
                    </leftChild>
                    <rightChild>
                      <type>STRING</type>
                      <value>7757XVIOP8</value>
                    </rightChild>
                    <type>OPERATOR</type>
                    <value>EQUAL</value>
                  </leftChild>
                  <rightChild>
                    <type>FUNCTION</type>
                    <value>FALSE</value>
                  </rightChild>
                  <type>OPERATOR</type>
                  <value>EQUAL</value>
                </formula>
              </formulaMap>
            </script>
          </scriptList>
          <nfcTagList/>
          <userVariables/>
          <userLists/>
          <userDefinedBrickList/>
        </object>
        <object type="Sprite" name="My actor or object">
          <lookList>
            <look fileName="My actor or object.png" name="My actor or object"/>
          </lookList>
          <soundList/>
          <scriptList>
            <script type="StartScript">
              <brickList>
                <brick type="PlaceAtBrick">
                  <commentedOut>false</commentedOut>
                  <formulaList>
                    <formula category="Y_POSITION">
                      <type>NUMBER</type>
                      <value>27</value>
                    </formula>
                    <formula category="X_POSITION">
                      <type>NUMBER</type>
                      <value>554</value>
                    </formula>
                  </formulaList>
                </brick>
              </brickList>
              <commentedOut>false</commentedOut>
            </script>
            <script type="WhenScript">
              <brickList>
                <brick type="SceneStartBrick">
                  <commentedOut>false</commentedOut>
                  <sceneToStart>dont</sceneToStart>
                </brick>
              </brickList>
              <commentedOut>false</commentedOut>
            </script>
          </scriptList>
          <nfcTagList/>
          <userVariables/>
          <userLists/>
          <userDefinedBrickList/>
        </object>
      </objectList>
    </scene>
    <scene>
      <name>Jaguar vr</name>
      <objectList>
        <object type="Sprite" name="Pano de Fundo">
          <lookList>
            <look fileName="Fundo.png" name="Fundo"/>
          </lookList>
          <soundList/>
          <scriptList>
            <script type="StartScript">
              <brickList>
                <brick type="WaitBrick">
                  <commentedOut>false</commentedOut>
                  <formulaList>
                    <formula category="TIME_TO_WAIT_IN_SECONDS">
                      <type>NUMBER</type>
                      <value>8</value>
                    </formula>
                  </formulaList>
                </brick>
                <brick type="SceneTransitionBrick">
                  <commentedOut>false</commentedOut>
                  <sceneForTransition>ORVR</sceneForTransition>
                </brick>
              </brickList>
              <commentedOut>false</commentedOut>
            </script>
          </scriptList>
          <nfcTagList/>
          <userVariables/>
          <userLists/>
          <userDefinedBrickList/>
        </object>
        <object type="Sprite" name="My actor or object">
          <lookList>
            <look fileName="My actor or object.png" name="My actor or object"/>
          </lookList>
          <soundList/>
          <scriptList>
            <script type="StartScript">
              <brickList>
                <brick type="ForeverBrick">
                  <commentedOut>false</commentedOut>
                  <loopBricks>
                    <brick type="TurnLeftBrick">
                      <commentedOut>false</commentedOut>
                      <formulaList>
                        <formula category="TURN_LEFT_DEGREES">
                          <type>NUMBER</type>
                          <value>5</value>
                        </formula>
                      </formulaList>
                    </brick>
                  </loopBricks>
                </brick>
              </brickList>
              <commentedOut>false</commentedOut>
            </script>
          </scriptList>
          <nfcTagList/>
          <userVariables/>
          <userLists/>
          <userDefinedBrickList/>
        </object>
      </objectList>
    </scene>
    <scene>
      <name>ORVR</name>
      <objectList>
        <object type="SingleSprite" name="Pano de Fundo">
          <lookList>
            <look fileName="Fundo.png" name="Fundo"/>
            <look fileName="Fundo_#0.png" name="Fundo (1)"/>
            <look fileName="Fundo_#1.png" name="Fundo (2)"/>
          </lookList>
          <soundList/>
          <scriptList>
            <script type="BroadcastScript">
              <brickList>
                <brick type="SetBackgroundBrick">
                  <commentedOut>false</commentedOut>
                  <look reference="../../../../../lookList/look"/>
                </brick>
                <brick type="WaitBrick">
                  <commentedOut>false</commentedOut>
                  <formulaList>
                    <formula category="TIME_TO_WAIT_IN_SECONDS">
                      <type>NUMBER</type>
                      <value>5</value>
                    </formula>
                  </formulaList>
                </brick>
                <brick type="SetBackgroundBrick">
                  <commentedOut>false</commentedOut>
                  <look reference="../../../../../lookList/look"/>
                </brick>
                <brick type="SceneTransitionBrick">
                  <commentedOut>false</commentedOut>
                  <sceneForTransition>Scene 2</sceneForTransition>
                </brick>
              </brickList>
              <commentedOut>false</commentedOut>
              <receivedMessage>mensagem 1</receivedMessage>
            </script>
          </scriptList>
          <nfcTagList/>
          <userVariables/>
          <userLists/>
          <userDefinedBrickList/>
        </object>
        <object type="SingleSprite" name="My actor or object">
          <lookList>
            <look fileName="My actor or object.png" name="My actor or object"/>
            <look fileName="My actor or object_#0.png" name="My actor or object (1)"/>
          </lookList>
          <soundList/>
          <scriptList>
            <script type="StartScript">
              <brickList>
                <brick type="PlaceAtBrick">
                  <commentedOut>false</commentedOut>
                  <formulaList>
                    <formula category="Y_POSITION">
                      <type>NUMBER</type>
                      <value>93</value>
                    </formula>
                    <formula category="X_POSITION">
                      <rightChild>
                        <type>NUMBER</type>
                        <value>671</value>
                      </rightChild>
                      <type>OPERATOR</type>
                      <value>MINUS</value>
                    </formula>
                  </formulaList>
                </brick>
              </brickList>
              <commentedOut>false</commentedOut>
            </script>
            <script type="BroadcastScript">
              <brickList>
                <brick type="SetLookBrick">
                  <commentedOut>false</commentedOut>
                  <look reference="../../../../../lookList/look[2]"/>
                </brick>
                <brick type="WaitBrick">
                  <commentedOut>false</commentedOut>
                  <formulaList>
                    <formula category="TIME_TO_WAIT_IN_SECONDS">
                      <type>NUMBER</type>
                      <value>5</value>
                    </formula>
                  </formulaList>
                </brick>
                <brick type="SetLookBrick">
                  <commentedOut>false</commentedOut>
                  <look reference="../../../../../lookList/look"/>
                </brick>
              </brickList>
              <commentedOut>false</commentedOut>
              <receivedMessage>mensagem 1</receivedMessage>
            </script>
            <script type="WhenScript">
              <brickList>
                <brick type="NextLookBrick">
                  <commentedOut>false</commentedOut>
                </brick>
                <brick type="BroadcastBrick">
                  <commentedOut>false</commentedOut>
                  <broadcastMessage>mensagem 1</broadcastMessage>
                </brick>
                <brick type="WaitBrick">
                  <commentedOut>false</commentedOut>
                  <formulaList>
                    <formula category="TIME_TO_WAIT_IN_SECONDS">
                      <type>NUMBER</type>
                      <value>5</value>
                    </formula>
                  </formulaList>
                </brick>
                <brick type="NextLookBrick">
                  <commentedOut>false</commentedOut>
                </brick>
              </brickList>
              <commentedOut>false</commentedOut>
            </script>
          </scriptList>
          <nfcTagList/>
          <userVariables/>
          <userLists/>
          <userDefinedBrickList/>
        </object>
        <object type="SingleSprite" name="My actor or object (1)">
          <lookList>
            <look fileName="My actor or object_#1.png" name="My actor or object"/>
            <look fileName="My actor or object_#2.png" name="My actor or object (1)"/>
          </lookList>
          <soundList/>
          <scriptList>
            <script type="StartScript">
              <brickList>
                <brick type="PlaceAtBrick">
                  <commentedOut>false</commentedOut>
                  <formulaList>
                    <formula category="Y_POSITION">
                      <type>NUMBER</type>
                      <value>89</value>
                    </formula>
                    <formula category="X_POSITION">
                      <type>NUMBER</type>
                      <value>442</value>
                    </formula>
                  </formulaList>
                </brick>
              </brickList>
              <commentedOut>false</commentedOut>
            </script>
            <script type="BroadcastScript">
              <brickList>
                <brick type="SetLookBrick">
                  <commentedOut>false</commentedOut>
                  <look reference="../../../../../lookList/look[2]"/>
                </brick>
                <brick type="WaitBrick">
                  <commentedOut>false</commentedOut>
                  <formulaList>
                    <formula category="TIME_TO_WAIT_IN_SECONDS">
                      <type>NUMBER</type>
                      <value>5</value>
                    </formula>
                  </formulaList>
                </brick>
                <brick type="SetLookBrick">
                  <commentedOut>false</commentedOut>
                  <look reference="../../../../../lookList/look"/>
                </brick>
              </brickList>
              <commentedOut>false</commentedOut>
              <receivedMessage>mensagem 1</receivedMessage>
            </script>
            <script type="WhenScript">
              <brickList>
                <brick type="NextLookBrick">
                  <commentedOut>false</commentedOut>
                </brick>
                <brick type="BroadcastBrick">
                  <commentedOut>false</commentedOut>
                  <broadcastMessage>mensagem 1</broadcastMessage>
                </brick>
                <brick type="WaitBrick">
                  <commentedOut>false</commentedOut>
                  <formulaList>
                    <formula category="TIME_TO_WAIT_IN_SECONDS">
                      <type>NUMBER</type>
                      <value>5</value>
                    </formula>
                  </formulaList>
                </brick>
                <brick type="NextLookBrick">
                  <commentedOut>false</commentedOut>
                </brick>
              </brickList>
              <commentedOut>false</commentedOut>
            </script>
          </scriptList>
          <nfcTagList/>
          <userVariables/>
          <userLists/>
          <userDefinedBrickList/>
        </object>
      </objectList>
    </scene>
    <scene>
      <name>Scene 2</name>
      <objectList>
        <object type="Sprite" name="Pano de Fundo">
          <lookList>
            <look fileName="Fundo.png" name="Fundo"/>
          </lookList>
          <soundList/>
          <scriptList/>
          <nfcTagList/>
          <userVariables/>
          <userLists/>
          <userDefinedBrickList/>
        </object>
      </objectList>
    </scene>
    <scene>
      <name>Jaguar&apos;S New MENU</name>
      <objectList>
        <object type="Sprite" name="Pano de Fundo">
          <lookList>
            <look fileName="Fundo.png" name="Fundo"/>
            <look fileName="Pano de Fundo.png" name="Pano de Fundo"/>
          </lookList>
          <soundList/>
          <scriptList>
            <script type="BroadcastScript">
              <brickList>
                <brick type="NextLookBrick">
                  <commentedOut>false</commentedOut>
                </brick>
              </brickList>
              <commentedOut>false</commentedOut>
              <receivedMessage>mensagem 1</receivedMessage>
            </script>
          </scriptList>
          <nfcTagList/>
          <userVariables/>
          <userLists/>
          <userDefinedBrickList/>
        </object>
        <object type="Sprite" name="My actor or object">
          <lookList>
            <look fileName="Fundo_#2.png" name="Fundo (2)"/>
            <look fileName="My actor or object.png" name="My actor or object"/>
            <look fileName="My actor or object_#0.png" name="My actor or object (1)"/>
          </lookList>
          <soundList/>
          <scriptList>
            <script type="WhenScript">
              <brickList>
                <brick type="AskBrick">
                  <commentedOut>false</commentedOut>
                  <formulaList>
                    <formula category="ASK_QUESTION">
                      <type>STRING</type>
                      <value>Code of the game</value>
                    </formula>
                  </formulaList>
                  <userVariable type="UserVariable" serialization="custom">
                    <userVariable>
                      <default>
                        <deviceValueKey>9a4a7209-0587-4614-a866-fc8cebda44e1</deviceValueKey>
                        <name>ACGAME</name>
                      </default>
                    </userVariable>
                  </userVariable>
                </brick>
              </brickList>
              <commentedOut>false</commentedOut>
            </script>
            <script type="StartScript">
              <brickList>
                <brick type="PlaceAtBrick">
                  <commentedOut>false</commentedOut>
                  <formulaList>
                    <formula category="Y_POSITION">
                      <type>NUMBER</type>
                      <value>160</value>
                    </formula>
                    <formula category="X_POSITION">
                      <rightChild>
                        <type>NUMBER</type>
                        <value>239</value>
                      </rightChild>
                      <type>OPERATOR</type>
                      <value>MINUS</value>
                    </formula>
                  </formulaList>
                </brick>
              </brickList>
              <commentedOut>false</commentedOut>
            </script>
            <script type="WhenConditionScript">
              <brickList>
                <brick type="BroadcastBrick">
                  <commentedOut>false</commentedOut>
                  <broadcastMessage>mensagem 1</broadcastMessage>
                </brick>
              </brickList>
              <commentedOut>false</commentedOut>
              <formulaMap>
                <formula category="IF_CONDITION">
                  <leftChild>
                    <type>USER_VARIABLE</type>
                    <value>ACGAME</value>
                  </leftChild>
                  <rightChild>
                    <type>STRING</type>
                    <value>JGRVRGAMCEN537</value>
                  </rightChild>
                  <type>OPERATOR</type>
                  <value>EQUAL</value>
                </formula>
              </formulaMap>
            </script>
          </scriptList>
          <nfcTagList/>
          <userVariables/>
          <userLists/>
          <userDefinedBrickList/>
        </object>
      </objectList>
    </scene>
    <scene>
      <name>dont</name>
      <objectList>
        <object type="Sprite" name="Pano de Fundo">
          <lookList>
            <look fileName="Pano de Fundo.png" name="Pano de Fundo"/>
            <look fileName="Pano de Fundo_#0.png" name="Pano de Fundo (1)"/>
          </lookList>
          <soundList/>
          <scriptList>
            <script type="StartScript">
              <brickList>
                <brick type="WaitBrick">
                  <commentedOut>false</commentedOut>
                  <formulaList>
                    <formula category="TIME_TO_WAIT_IN_SECONDS">
                      <type>NUMBER</type>
                      <value>60</value>
                    </formula>
                  </formulaList>
                </brick>
                <brick type="NextLookBrick">
                  <commentedOut>false</commentedOut>
                </brick>
                <brick type="AskBrick">
                  <commentedOut>false</commentedOut>
                  <formulaList>
                    <formula category="ASK_QUESTION">
                      <type>STRING</type>
                      <value>code in Keys And games</value>
                    </formula>
                  </formulaList>
                  <userVariable reference="../../../../../../../../scene/objectList/object/scriptList/script/brickList/brick/userVariable"/>
                </brick>
              </brickList>
              <commentedOut>false</commentedOut>
            </script>
            <script type="WhenConditionScript">
              <brickList>
                <brick type="SceneTransitionBrick">
                  <commentedOut>false</commentedOut>
                  <sceneForTransition>Jaguar&apos;S New MENU</sceneForTransition>
                </brick>
              </brickList>
              <commentedOut>false</commentedOut>
              <formulaMap>
                <formula category="IF_CONDITION">
                  <leftChild>
                    <type>USER_VARIABLE</type>
                    <value>AC</value>
                  </leftChild>
                  <rightChild>
                    <type>STRING</type>
                    <value>7757XVIOP8</value>
                  </rightChild>
                  <type>OPERATOR</type>
                  <value>EQUAL</value>
                </formula>
              </formulaMap>
            </script>
            <script type="WhenConditionScript">
              <brickList>
                <brick type="SceneTransitionBrick">
                  <commentedOut>false</commentedOut>
                  <sceneForTransition>Locked</sceneForTransition>
                </brick>
              </brickList>
              <commentedOut>false</commentedOut>
              <formulaMap>
                <formula category="IF_CONDITION">
                  <leftChild>
                    <leftChild>
                      <type>USER_VARIABLE</type>
                      <value>AC</value>
                    </leftChild>
                    <rightChild>
                      <type>STRING</type>
                      <value>7757XVIOP8</value>
                    </rightChild>
                    <type>OPERATOR</type>
                    <value>EQUAL</value>
                  </leftChild>
                  <rightChild>
                    <type>FUNCTION</type>
                    <value>FALSE</value>
                  </rightChild>
                  <type>OPERATOR</type>
                  <value>EQUAL</value>
                </formula>
              </formulaMap>
            </script>
          </scriptList>
          <nfcTagList/>
          <userVariables/>
          <userLists/>
          <userDefinedBrickList/>
        </object>
      </objectList>
    </scene>
    <scene>
      <name>Locked</name>
      <objectList>
        <object type="Sprite" name="Pano de Fundo">
          <lookList>
            <look fileName="Fundo.png" name="Fundo"/>
          </lookList>
          <soundList/>
          <scriptList/>
          <nfcTagList/>
          <userVariables/>
          <userLists/>
          <userDefinedBrickList/>
        </object>
      </objectList>
    </scene>
  </scenes>
  <programVariableList>
    <userVariable reference="../../scenes/scene/objectList/object/scriptList/script/brickList/brick/userVariable"/>
    <userVariable reference="../../scenes/scene[5]/objectList/object[2]/scriptList/script/brickList/brick/userVariable"/>
  </programVariableList>
  <programListOfLists/>
  <programMultiplayerVariableList/>
</program>